{
    "home": "https://firebasestorage.googleapis.com/v0/b/seng468-bb092.firebasestorage.app/o/home.png?alt=media&token=4d14c7f0-ddcf-4379-8e0f-5be03d1effc1",
    "home-blue": "https://firebasestorage.googleapis.com/v0/b/seng468-bb092.firebasestorage.app/o/home-blue.png?alt=media&token=866883d9-7e38-4759-8a15-55cb551476cd",
    "trade-stock": "https://firebasestorage.googleapis.com/v0/b/seng468-bb092.firebasestorage.app/o/tradestock.png?alt=media&token=f1e97e12-bd8a-4580-ad58-a8d493a80505",
    "trade-stock-blue": "https://firebasestorage.googleapis.com/v0/b/seng468-bb092.firebasestorage.app/o/tradestokc-blue.png?alt=media&token=68466df9-719d-4cbc-a71b-c4a8f742dd34",
    "management": "https://firebasestorage.googleapis.com/v0/b/seng468-bb092.firebasestorage.app/o/management.png?alt=media&token=4b2b97d1-1cd7-4ce9-980a-3511414d94f9",
    "management-blue": "https://firebasestorage.googleapis.com/v0/b/seng468-bb092.firebasestorage.app/o/management-blue.png?alt=media&token=42662f81-20f5-4992-b78c-99270aa20f8b",
    "transactions": "https://firebasestorage.googleapis.com/v0/b/seng468-bb092.firebasestorage.app/o/transactions.png?alt=media&token=4b4f4e60-28da-4e7c-b0f6-408637d47314",
    "transactions-blue": "https://firebasestorage.googleapis.com/v0/b/seng468-bb092.firebasestorage.app/o/transaction-blue.png?alt=media&token=3bb02f1c-deff-4864-85cb-5a6321f611d5"
}